section;key;value;unit;source
Сводка;Проект;Демо: Пиковая нагрузка — успех;;
Сводка;Тип объекта;Склад;;
Сводка;Дата генерации отчёта;29.09.2026 13:38;;
Сводка;Автор;user;;
Сводка;Горизонт расчёта;5;лет;
Сводка;Пометка;Предварительная оценка, требует верификации при обследовании объекта;;предварительная оценка
Параметры;available_power_capacity — Минимальная доступная мощность для зарядки роботов, кВт;100;кВт;пользователь
Параметры;has_wms — Наличие WMS;да;—;по умолчанию
Параметры;has_erp_1c — Наличие ERP/1С;1С:ERP;—;пользователь
Параметры;robotization_capex_budget — Планируемый бюджет на роботизацию (CAPEX);80;млн руб.;пользователь
Параметры;payback_horizon — Горизонт расчёта окупаемости;5;лет;пользователь
Параметры;floor_load_max_kg — Максимальная нагрузка на пол (на точку опоры), кг;3500;кг;пользователь
Параметры;max_allowed_noise_dba — Максимально допустимый уровень шума (в самой тихой зоне), дБА;72;дБА;пользователь
Параметры;required_positioning_accuracy_mm — Требование к точности позиционирования (в самой требовательной операции), мм;20;мм;пользователь
Параметры;picking_route_length_per_line — Средняя длина маршрута отборщика на 1 строку;25;м;пользователь
Параметры;conveyor_length — Протяжённость конвейерной/транспортной системы;350;м;пользователь
Параметры;total_warehouse_area — Общая площадь склада;20000;м²;пользователь
Параметры;active_zone_area — Площадь активной (роботизируемой) зоны;10000;м²;по умолчанию
Параметры;storage_zone_ceiling_height — Минимальная высота потолков в зоне хранения, м;5;м;пользователь
Параметры;mezzanine_levels — Количество этажей (мезонинов);1;шт.;пользователь
Параметры;main_aisle_width — Минимальная ширина главных проездов, м;2,8;м;пользователь
Параметры;rack_aisle_width — Минимальная ширина рабочих проходов между стеллажами, м;2,4;м;пользователь
Параметры;floor_covering_type — Тип напольного покрытия;Промышленный бетон;—;пользователь
Параметры;floor_flatness_deviation — Ровность пола (отклонение);3;мм/2м;пользователь
Параметры;inbound_pallets_per_day — Объём приёмки (поддоны/сутки);1500;поддон/сут;пользователь
Параметры;outbound_pallets_per_day — Объём отгрузки (поддоны/сутки);1500;поддон/сут;пользователь
Параметры;picking_lines_per_day — Объём отбора (строк/сутки, всего);100000;строк/сут;пользователь
Параметры;picking_units_per_day — Объём отбора (штук/сутки, всего);150000;шт./сут;по умолчанию
Параметры;piece_pick_share — Доля мелкоштучного отбора (piece-pick);30;%;пользователь
Параметры;active_sku_count — Количество SKU (активных);2000;SKU;пользователь
Параметры;a_class_sku_share — Доля SKU с быстрым оборотом (A-класс);20;%;пользователь
Параметры;total_warehouse_staff — Общая численность персонала склада;180;чел.;пользователь
Параметры;pickers_count — Из них: отборщики (комплектовщики);17;чел.;пользователь
Параметры;forklift_operators_count — Из них: операторы погрузчиков;5;чел.;пользователь
Параметры;packing_line_operators_count — Из них: операторы упаковочных линий;20;чел.;пользователь
Параметры;picker_salary_gross — Средняя з/п отборщика (gross);70000;руб./мес.;пользователь
Параметры;forklift_operator_salary_gross — Средняя з/п оператора погрузчика (gross);80000;руб./мес.;пользователь
Параметры;payroll_insurance_contributions_rate — Коэффициент начислений на ФОТ (страховые взносы);1,302;—;по умолчанию
Параметры;picker_throughput_lines_per_hour — Средняя выработка отборщика (строк/ч);150;строк/ч·чел;пользователь
Параметры;working_time_loss_factor — Коэффициент потерь рабочего времени (отпуск, болезнь, текучесть);25;%;пользователь
Параметры;shifts_per_day — Количество рабочих смен в сутки;2;смен;пользователь
Параметры;working_days_per_year — Рабочих дней в году;365;дн.;по умолчанию
Параметры;shift_duration — Продолжительность смены;11;ч;пользователь
Параметры;peak_load_factor — Пиковый коэффициент нагрузки;2,5;—;пользователь
Параметры;racking_type — Тип стеллажной системы;Фронтальные паллетные;—;пользователь
Параметры;pallet_positions — Количество паллетомест;20000;м/п;пользователь
Параметры;pallet_unit_weight — Максимальная масса грузовой единицы (паллет), кг;800;кг;пользователь
Параметры;sku_unit_weight — Максимальная масса штучной единицы (SKU), кг;20;кг;пользователь
Параметры;pallet_dimensions — Средние габариты паллеты (Д×Ш×В);1200×800×1600;мм;пользователь
Параметры;sku_dimensions — Средние габариты штучной единицы (Д×Ш×В);300×200×150;мм;пользователь
Параметры;oversized_cargo_share — Доля негабаритных/нестандартных грузов;5;%;пользователь
Решения;Покупка оборудования — ООО Автоном Тест — АТ-Паллета 2500;4;ед.;подбор
Решения;Покупка оборудования — АТ-Паллета 2500 — цена за ед.;4100000;руб.;каталог
Решения;Покупка оборудования — АТ-Паллета 2500 — сумма;16400000;руб.;
Решения;Покупка оборудования — ООО Автоном Тест — АТ-Штабелер 1000;2;ед.;подбор
Решения;Покупка оборудования — АТ-Штабелер 1000 — цена за ед.;2400000;руб.;каталог
Решения;Покупка оборудования — АТ-Штабелер 1000 — сумма;4800000;руб.;
Решения;Роботы как услуга — ООО Автоном Тест — АТ-Паллета 2500;4;ед.;подбор
Решения;Роботы как услуга — АТ-Паллета 2500 — цена за ед.;4100000;руб.;каталог
Решения;Роботы как услуга — АТ-Паллета 2500 — сумма;16400000;руб.;
Решения;Роботы как услуга — ООО Автоном Тест — АТ-Штабелер 1000;2;ед.;подбор
Решения;Роботы как услуга — АТ-Штабелер 1000 — цена за ед.;2400000;руб.;каталог
Решения;Роботы как услуга — АТ-Штабелер 1000 — сумма;4800000;руб.;
Оборудование;Текущий процесс без роботизации — роботы;0;ед.;metrics_json последнего расчёта
Оборудование;Текущий процесс без роботизации — инфраструктура;0;ед.;раздел 2.2 методики расчёта
Оборудование;Покупка оборудования — роботы;6;ед.;metrics_json последнего расчёта
Оборудование;Покупка оборудования — инфраструктура;3;ед.;раздел 2.2 методики расчёта
Оборудование;Роботы как услуга — роботы;6;ед.;metrics_json последнего расчёта
Оборудование;Роботы как услуга — инфраструктура;3;ед.;раздел 2.2 методики расчёта
Экономика;Текущий процесс без роботизации — CAPEX;0;руб.;расчёт 29.09.2026 13:38 (44e6196678e7, economic-model-1.0)
Экономика;Текущий процесс без роботизации — OPEX годовой;24842160;руб.;расчёт 29.09.2026 13:38 (44e6196678e7, economic-model-1.0)
Экономика;Текущий процесс без роботизации — ΔOPEX к базовому;0;руб.;расчёт 29.09.2026 13:38 (44e6196678e7, economic-model-1.0)
Экономика;Текущий процесс без роботизации — ΔFOT;0;руб.;расчёт 29.09.2026 13:38 (44e6196678e7, economic-model-1.0)
Экономика;Текущий процесс без роботизации — Годовой эффект;0;руб.;расчёт 29.09.2026 13:38 (44e6196678e7, economic-model-1.0)
Экономика;Текущий процесс без роботизации — TCO на горизонте;124210800;руб.;расчёт 29.09.2026 13:38 (44e6196678e7, economic-model-1.0)
Экономика;Текущий процесс без роботизации — ΔCAPEX к базовому;0;руб.;расчёт 29.09.2026 13:38 (44e6196678e7, economic-model-1.0)
Экономика;Текущий процесс без роботизации — ΔTCO к базовому;0;руб.;расчёт 29.09.2026 13:38 (44e6196678e7, economic-model-1.0)
Экономика;Текущий процесс без роботизации — Δ эффекта к базовому;0;руб.;расчёт 29.09.2026 13:38 (44e6196678e7, economic-model-1.0)
Экономика;Текущий процесс без роботизации — срок окупаемости;не применяется (сравнение по OPEX и TCO);;расчёт 29.09.2026 13:38 (44e6196678e7, economic-model-1.0)
Экономика;Текущий процесс без роботизации — срок окупаемости, лет;—;лет;расчёт 29.09.2026 13:38 (44e6196678e7, economic-model-1.0)
Экономика;Текущий процесс без роботизации — ROI за горизонт;—;%;расчёт 29.09.2026 13:38 (44e6196678e7, economic-model-1.0)
Экономика;Текущий процесс без роботизации — роботов выбрано;0;ед.;расчёт 29.09.2026 13:38 (44e6196678e7, economic-model-1.0)
Экономика;Текущий процесс без роботизации — флаг недобора парка;нет;;расчёт 29.09.2026 13:38 (44e6196678e7, economic-model-1.0)
Экономика;Текущий процесс без роботизации — флаг превышения парка;нет;;расчёт 29.09.2026 13:38 (44e6196678e7, economic-model-1.0)
Экономика;Текущий процесс без роботизации — дата расчёта;29.09.2026 13:38;;расчёт 29.09.2026 13:38 (44e6196678e7, economic-model-1.0)
Экономика;Покупка оборудования — CAPEX;35096600;руб.;расчёт 29.09.2026 13:38 (e0797ab80e31, economic-model-1.0)
Экономика;Покупка оборудования — OPEX годовой;7934600;руб.;расчёт 29.09.2026 13:38 (e0797ab80e31, economic-model-1.0)
Экономика;Покупка оборудования — ΔOPEX к базовому;-16907560;руб.;расчёт 29.09.2026 13:38 (e0797ab80e31, economic-model-1.0)
Экономика;Покупка оборудования — ΔFOT;24842160;руб.;расчёт 29.09.2026 13:38 (e0797ab80e31, economic-model-1.0)
Экономика;Покупка оборудования — Годовой эффект;12329743;руб.;расчёт 29.09.2026 13:38 (e0797ab80e31, economic-model-1.0)
Экономика;Покупка оборудования — TCO на горизонте;74769600;руб.;расчёт 29.09.2026 13:38 (e0797ab80e31, economic-model-1.0)
Экономика;Покупка оборудования — ΔCAPEX к базовому;35096600;руб.;расчёт 29.09.2026 13:38 (e0797ab80e31, economic-model-1.0)
Экономика;Покупка оборудования — ΔTCO к базовому;-49441200;руб.;расчёт 29.09.2026 13:38 (e0797ab80e31, economic-model-1.0)
Экономика;Покупка оборудования — Δ эффекта к базовому;12329743;руб.;расчёт 29.09.2026 13:38 (e0797ab80e31, economic-model-1.0)
Экономика;Покупка оборудования — срок окупаемости;2 года 10 месяцев;;расчёт 29.09.2026 13:38 (e0797ab80e31, economic-model-1.0)
Экономика;Покупка оборудования — срок окупаемости, лет;2,8;лет;расчёт 29.09.2026 13:38 (e0797ab80e31, economic-model-1.0)
Экономика;Покупка оборудования — ROI за горизонт;175,7;%;расчёт 29.09.2026 13:38 (e0797ab80e31, economic-model-1.0)
Экономика;Покупка оборудования — роботов выбрано;6;ед.;расчёт 29.09.2026 13:38 (e0797ab80e31, economic-model-1.0)
Экономика;Покупка оборудования — роботов требуется по пиковой;6;ед.;раздел 2.1 методики расчёта
Экономика;Покупка оборудования — флаг недобора парка;нет;;расчёт 29.09.2026 13:38 (e0797ab80e31, economic-model-1.0)
Экономика;Покупка оборудования — флаг превышения парка;нет;;расчёт 29.09.2026 13:38 (e0797ab80e31, economic-model-1.0)
Экономика;Покупка оборудования — дата расчёта;29.09.2026 13:38;;расчёт 29.09.2026 13:38 (e0797ab80e31, economic-model-1.0)
Экономика;Роботы как услуга — CAPEX;0;руб.;расчёт 29.09.2026 13:38 (e0797ab80e31, economic-model-1.0)
Экономика;Роботы как услуга — OPEX годовой;8676600;руб.;расчёт 29.09.2026 13:38 (e0797ab80e31, economic-model-1.0)
Экономика;Роботы как услуга — ΔOPEX к базовому;-16165560;руб.;расчёт 29.09.2026 13:38 (e0797ab80e31, economic-model-1.0)
Экономика;Роботы как услуга — ΔFOT;24842160;руб.;расчёт 29.09.2026 13:38 (e0797ab80e31, economic-model-1.0)
Экономика;Роботы как услуга — Годовой эффект;16165560;руб.;расчёт 29.09.2026 13:38 (e0797ab80e31, economic-model-1.0)
Экономика;Роботы как услуга — TCO на горизонте;43383000;руб.;расчёт 29.09.2026 13:38 (e0797ab80e31, economic-model-1.0)
Экономика;Роботы как услуга — ΔCAPEX к базовому;0;руб.;расчёт 29.09.2026 13:38 (e0797ab80e31, economic-model-1.0)
Экономика;Роботы как услуга — ΔTCO к базовому;-80827800;руб.;расчёт 29.09.2026 13:38 (e0797ab80e31, economic-model-1.0)
Экономика;Роботы как услуга — Δ эффекта к базовому;16165560;руб.;расчёт 29.09.2026 13:38 (e0797ab80e31, economic-model-1.0)
Экономика;Роботы как услуга — срок окупаемости;—;;расчёт 29.09.2026 13:38 (e0797ab80e31, economic-model-1.0)
Экономика;Роботы как услуга — срок окупаемости, лет;—;лет;расчёт 29.09.2026 13:38 (e0797ab80e31, economic-model-1.0)
Экономика;Роботы как услуга — ROI за горизонт;—;%;расчёт 29.09.2026 13:38 (e0797ab80e31, economic-model-1.0)
Экономика;Роботы как услуга — роботов выбрано;6;ед.;расчёт 29.09.2026 13:38 (e0797ab80e31, economic-model-1.0)
Экономика;Роботы как услуга — роботов требуется по пиковой;6;ед.;раздел 2.1 методики расчёта
Экономика;Роботы как услуга — флаг недобора парка;нет;;расчёт 29.09.2026 13:38 (e0797ab80e31, economic-model-1.0)
Экономика;Роботы как услуга — флаг превышения парка;нет;;расчёт 29.09.2026 13:38 (e0797ab80e31, economic-model-1.0)
Экономика;Роботы как услуга — дата расчёта;29.09.2026 13:38;;расчёт 29.09.2026 13:38 (e0797ab80e31, economic-model-1.0)
Предупреждения;Роботы как услуга;"CAPEX = 0 (RaaS без выкупа / пустой состав) — окупаемость не определена; сравнивайте по годовому эффекту и TCO.";;расчёт 29.09.2026 13:38 (e0797ab80e31, economic-model-1.0)
Имитация 2D;Заявленная производительность парка;540 оп/час;;сценарий «Покупка оборудования», simulation-model-1.0
Имитация 2D;Фактическая производительность модели;187,6 оп/час;;сценарий «Покупка оборудования», simulation-model-1.0
Имитация 2D;Загрузка роботов;100 %;;сценарий «Покупка оборудования», simulation-model-1.0
Имитация 2D;Простои (зарядка, ожидание);0 %;;сценарий «Покупка оборудования», simulation-model-1.0
Имитация 2D;Узкое место (зоны);Хранение — 31,6 %;;сценарий «Покупка оборудования», simulation-model-1.0
Имитация 2D;Достижимость заявленной производительности;34,7 %;;сценарий «Покупка оборудования», simulation-model-1.0
Допущения;c_consumables_pct — Расходники — доля стоимости оборудования в год;2;%;снимок расчёта от 29.09.2026 13:38
Допущения;sim_avg_route_length_m — Имитация: средняя длина маршрута за перемещение;60;м;снимок расчёта от 29.09.2026 13:38
Допущения;equipment_cost_factor_pct — Фактор стоимости оборудования;100;%;снимок расчёта от 29.09.2026 13:38
Допущения;c_commissioning_pct — Пусконаладка — доля стоимости оборудования;7,5;%;снимок расчёта от 29.09.2026 13:38
Допущения;robot_nominal_productivity_per_hour — Номинальная производительность робота (P_nominal);90;операций/час;снимок расчёта от 29.09.2026 13:38
Допущения;c_training_pct — Обучение — доля стоимости оборудования;3;%;снимок расчёта от 29.09.2026 13:38
Допущения;raas_usage_rate_rub — Ставка за операцию (модели usage/mixed);—;руб./операция;снимок расчёта от 29.09.2026 13:38
Допущения;robot_power_consumption_kw — Потребляемая мощность робота (P_consumption);—;кВт;снимок расчёта от 29.09.2026 13:38
Допущения;c_service_pct — Сервис — доля стоимости оборудования в год;10;%;снимок расчёта от 29.09.2026 13:38
Допущения;c_software_pct — ПО — доля стоимости оборудования;15;%;снимок расчёта от 29.09.2026 13:38
Допущения;c_integration_pct — Интеграция — доля стоимости оборудования;15;%;снимок расчёта от 29.09.2026 13:38
Допущения;other_annual_effect_rub — Прочие измеримые годовые эффекты (dOther);0;руб./год;снимок расчёта от 29.09.2026 13:38
Допущения;ratio_infra — Зарядных станций на робота (Ratio_infra);0,35;шт./робот;снимок расчёта от 29.09.2026 13:38
Допущения;loan_amount_rub — Заёмные средства (сумма кредита);0;руб.;снимок расчёта от 29.09.2026 13:38
Допущения;reserve_rate — Резерв CAPEX (Reserve_rate);0,10;доля;снимок расчёта от 29.09.2026 13:38
Допущения;c_communication_rub_year — Связь — на робота в год;36000;руб./год;снимок расчёта от 29.09.2026 13:38
Допущения;c_infra_pct — Инфраструктура — доля стоимости оборудования;10;%;снимок расчёта от 29.09.2026 13:38
Допущения;raas_rate_month_pct — Ставка RaaS — доля цены робота в месяц;2,0;%;снимок расчёта от 29.09.2026 13:38
Допущения;k_availability — Коэффициент доступности (K_availability);1,0;доля;снимок расчёта от 29.09.2026 13:38
Допущения;c_licenses_pct — Лицензии ПО — доля стоимости оборудования в год;5;%;снимок расчёта от 29.09.2026 13:38
Допущения;loan_rate_pct — Ставка по заёмным средствам;—;% год.;снимок расчёта от 29.09.2026 13:38
Допущения;raas_buyout — Выкуп оборудования в конце контракта;false;да/нет;снимок расчёта от 29.09.2026 13:38
Допущения;tariff_rub_kwh — Тариф на электроэнергию;7,0;руб./кВт·ч;снимок расчёта от 29.09.2026 13:38
Допущения;c_repair_pct — Ремонт вне сервиса — доля стоимости оборудования в год;3,5;%;снимок расчёта от 29.09.2026 13:38
Допущения;amortization_years — Срок службы для амортизации (по умолчанию);6;лет;снимок расчёта от 29.09.2026 13:38
Допущения;k_load — Коэффициент загрузки робота (K_load);0,75;доля;снимок расчёта от 29.09.2026 13:38
Допущения;sim_avg_robot_speed_m_s — Имитация: скорость робота (фолбэк без ТТХ);1,5;м/с;снимок расчёта от 29.09.2026 13:38
Допущения;loan_term_years — Срок кредита;—;лет;снимок расчёта от 29.09.2026 13:38
Допущения;k_reserve — Резервная надбавка на пиковую нагрузку (K_reserve);0,15;доля;снимок расчёта от 29.09.2026 13:38
Допущения;sim_pick_drop_sec — Имитация: время погрузки и разгрузки паллеты;40;с;снимок расчёта от 29.09.2026 13:38
Допущения;raas_contract_years — Срок контракта RaaS;3;лет;снимок расчёта от 29.09.2026 13:38
Допущения;exploitation_staff_count — Персонал эксплуатации роботизированного сценария (N_staff_rob);0;чел;снимок расчёта от 29.09.2026 13:38
Допущения;raas_payment_model — Модель платежей RaaS;fixed;fixed|usage|mixed;снимок расчёта от 29.09.2026 13:38
Источники;ООО Автоном Тест — АТ-Паллета 2500;organizer_catalog;"ссылка: catalog_export_v4.csv; дата: 2026-09-29";каталог решений
Источники ТТХ;АТ-Паллета 2500 — service_req — Требования к сервисному обслуживанию;плановое ТО раз в 6 месяцев;—;"organizer_catalog; https://github.com/meyuugao/LCT_Hakaton; 2026-09-26"
Источники ТТХ;АТ-Паллета 2500 — noise_level_dba — Уровень шума, дБА;69;дБА;"organizer_catalog; https://github.com/meyuugao/LCT_Hakaton; 2026-09-26"
Источники ТТХ;АТ-Паллета 2500 — navigation_type — Тип навигации;лидарная SLAM;—;"organizer_catalog; https://github.com/meyuugao/LCT_Hakaton; 2026-09-26"
Источники ТТХ;АТ-Паллета 2500 — communication_req — Требования к связи;Wi-Fi + LTE;—;"organizer_catalog; https://github.com/meyuugao/LCT_Hakaton; 2026-09-26"
Источники ТТХ;АТ-Паллета 2500 — source — Источник;https://github.com/meyuugao/LCT_Hakaton;—;"organizer_catalog; https://github.com/meyuugao/LCT_Hakaton; 2026-09-26"
Источники ТТХ;АТ-Паллета 2500 — operating_conditions — Допустимые условия эксплуатации;от -20 до +45 °C;—;"organizer_catalog; https://github.com/meyuugao/LCT_Hakaton; 2026-09-26"
Источники ТТХ;АТ-Паллета 2500 — mass_kg — Масса, кг;1900;кг;"organizer_catalog; https://github.com/meyuugao/LCT_Hakaton; 2026-09-26"
Источники ТТХ;АТ-Паллета 2500 — productivity — Производительность;до 70 паллет/час;—;"organizer_catalog; https://github.com/meyuugao/LCT_Hakaton; 2026-09-26"
Источники ТТХ;АТ-Паллета 2500 — software_cost — Стоимость ПО, руб.;450000;руб.;"organizer_catalog; https://github.com/meyuugao/LCT_Hakaton; 2026-09-26"
Источники ТТХ;АТ-Паллета 2500 — floor_coverage_req — Требования к покрытию;промышленный бетон;—;"organizer_catalog; https://github.com/meyuugao/LCT_Hakaton; 2026-09-26"
Источники ТТХ;АТ-Паллета 2500 — implementation_cost — Стоимость внедрения, руб.;800000;руб.;"organizer_catalog; https://github.com/meyuugao/LCT_Hakaton; 2026-09-26"
Источники ТТХ;АТ-Паллета 2500 — limitations — Ограничения;проезды от 2,3 м;—;"organizer_catalog; https://github.com/meyuugao/LCT_Hakaton; 2026-09-26"
Источники ТТХ;АТ-Паллета 2500 — length_mm — Длина, мм;2250;мм;"organizer_catalog; https://github.com/meyuugao/LCT_Hakaton; 2026-09-26"
Источники ТТХ;АТ-Паллета 2500 — payload_kg — Грузоподъёмность, кг;2500;кг;"organizer_catalog; https://github.com/meyuugao/LCT_Hakaton; 2026-09-26"
Источники ТТХ;АТ-Паллета 2500 — charging_power_kw — Мощность зарядки, кВт;11;кВт;"organizer_catalog; https://github.com/meyuugao/LCT_Hakaton; 2026-09-26"
Источники ТТХ;АТ-Паллета 2500 — country_of_origin — Страна происхождения;Россия;—;"organizer_catalog; https://github.com/meyuugao/LCT_Hakaton; 2026-09-26"
Источники ТТХ;АТ-Паллета 2500 — width_mm — Ширина, мм;1250;мм;"organizer_catalog; https://github.com/meyuugao/LCT_Hakaton; 2026-09-26"
Источники ТТХ;АТ-Паллета 2500 — integration_req — Требования к интеграции;WMS/ERP;—;"organizer_catalog; https://github.com/meyuugao/LCT_Hakaton; 2026-09-26"
Источники ТТХ;АТ-Паллета 2500 — confirmation_status — Признак подтверждённости;подтверждено;—;"organizer_catalog; https://github.com/meyuugao/LCT_Hakaton; 2026-09-26"
Источники ТТХ;АТ-Паллета 2500 — speed_m_s — Скорость, м/с;1,7;м/с;"organizer_catalog; https://github.com/meyuugao/LCT_Hakaton; 2026-09-26"
Источники ТТХ;АТ-Паллета 2500 — acquisition_model — Модель приобретения;покупка;—;"organizer_catalog; https://github.com/meyuugao/LCT_Hakaton; 2026-09-26"
Источники ТТХ;АТ-Паллета 2500 — positioning_accuracy_mm — Точность позиционирования, мм;10;мм;"organizer_catalog; https://github.com/meyuugao/LCT_Hakaton; 2026-09-26"
Источники ТТХ;АТ-Паллета 2500 — lifecycle_years — Срок службы, лет;8;лет;"organizer_catalog; https://github.com/meyuugao/LCT_Hakaton; 2026-09-26"
Источники ТТХ;АТ-Паллета 2500 — height_mm — Высота, мм;2300;мм;"organizer_catalog; https://github.com/meyuugao/LCT_Hakaton; 2026-09-26"
Источники ТТХ;АТ-Паллета 2500 — autonomy_h — Автономность, ч;9;ч;"organizer_catalog; https://github.com/meyuugao/LCT_Hakaton; 2026-09-26"
Источники ТТХ;АТ-Паллета 2500 — maintenance_cost — Стоимость обслуживания, руб./год;300000;руб./год;"organizer_catalog; https://github.com/meyuugao/LCT_Hakaton; 2026-09-26"
Источники ТТХ;АТ-Паллета 2500 — source_date — Дата актуализации;2026-09-26;—;"organizer_catalog; https://github.com/meyuugao/LCT_Hakaton; 2026-09-26"
Источники;ООО Автоном Тест — АТ-Штабелер 1000;organizer_catalog;"ссылка: catalog_export_v4.csv; дата: 2026-09-29";каталог решений
Источники ТТХ;АТ-Штабелер 1000 — service_req — Требования к сервисному обслуживанию;плановое ТО раз в квартал;—;"organizer_catalog; https://github.com/meyuugao/LCT_Hakaton; 2026-09-26"
Источники ТТХ;АТ-Штабелер 1000 — noise_level_dba — Уровень шума, дБА;66;дБА;"organizer_catalog; https://github.com/meyuugao/LCT_Hakaton; 2026-09-26"
Источники ТТХ;АТ-Штабелер 1000 — navigation_type — Тип навигации;QR-метки;—;"organizer_catalog; https://github.com/meyuugao/LCT_Hakaton; 2026-09-26"
Источники ТТХ;АТ-Штабелер 1000 — communication_req — Требования к связи;Wi-Fi 5 ГГц;—;"organizer_catalog; https://github.com/meyuugao/LCT_Hakaton; 2026-09-26"
Источники ТТХ;АТ-Штабелер 1000 — source — Источник;https://github.com/meyuugao/LCT_Hakaton;—;"organizer_catalog; https://github.com/meyuugao/LCT_Hakaton; 2026-09-26"
Источники ТТХ;АТ-Штабелер 1000 — operating_conditions — Допустимые условия эксплуатации;от 0 до +40 °C;—;"organizer_catalog; https://github.com/meyuugao/LCT_Hakaton; 2026-09-26"
Источники ТТХ;АТ-Штабелер 1000 — mass_kg — Масса, кг;1600;кг;"organizer_catalog; https://github.com/meyuugao/LCT_Hakaton; 2026-09-26"
Источники ТТХ;АТ-Штабелер 1000 — productivity — Производительность;до 50 паллет/час;—;"organizer_catalog; https://github.com/meyuugao/LCT_Hakaton; 2026-09-26"
Источники ТТХ;АТ-Штабелер 1000 — software_cost — Стоимость ПО, руб.;300000;руб.;"organizer_catalog; https://github.com/meyuugao/LCT_Hakaton; 2026-09-26"
Источники ТТХ;АТ-Штабелер 1000 — floor_coverage_req — Требования к покрытию;бетон, ровность ±10 мм/2 м;—;"organizer_catalog; https://github.com/meyuugao/LCT_Hakaton; 2026-09-26"
Источники ТТХ;АТ-Штабелер 1000 — implementation_cost — Стоимость внедрения, руб.;500000;руб.;"organizer_catalog; https://github.com/meyuugao/LCT_Hakaton; 2026-09-26"
Источники ТТХ;АТ-Штабелер 1000 — limitations — Ограничения;высота подъёма до 3,5 м;—;"organizer_catalog; https://github.com/meyuugao/LCT_Hakaton; 2026-09-26"
Источники ТТХ;АТ-Штабелер 1000 — length_mm — Длина, мм;2100;мм;"organizer_catalog; https://github.com/meyuugao/LCT_Hakaton; 2026-09-26"
Источники ТТХ;АТ-Штабелер 1000 — payload_kg — Грузоподъёмность, кг;1000;кг;"organizer_catalog; https://github.com/meyuugao/LCT_Hakaton; 2026-09-26"
Источники ТТХ;АТ-Штабелер 1000 — charging_power_kw — Мощность зарядки, кВт;8;кВт;"organizer_catalog; https://github.com/meyuugao/LCT_Hakaton; 2026-09-26"
Источники ТТХ;АТ-Штабелер 1000 — country_of_origin — Страна происхождения;Россия;—;"organizer_catalog; https://github.com/meyuugao/LCT_Hakaton; 2026-09-26"
Источники ТТХ;АТ-Штабелер 1000 — width_mm — Ширина, мм;1200;мм;"organizer_catalog; https://github.com/meyuugao/LCT_Hakaton; 2026-09-26"
Источники ТТХ;АТ-Штабелер 1000 — integration_req — Требования к интеграции;WMS;—;"organizer_catalog; https://github.com/meyuugao/LCT_Hakaton; 2026-09-26"
Источники ТТХ;АТ-Штабелер 1000 — confirmation_status — Признак подтверждённости;подтверждено;—;"organizer_catalog; https://github.com/meyuugao/LCT_Hakaton; 2026-09-26"
Источники ТТХ;АТ-Штабелер 1000 — speed_m_s — Скорость, м/с;1,5;м/с;"organizer_catalog; https://github.com/meyuugao/LCT_Hakaton; 2026-09-26"
Источники ТТХ;АТ-Штабелер 1000 — acquisition_model — Модель приобретения;покупка или лизинг;—;"organizer_catalog; https://github.com/meyuugao/LCT_Hakaton; 2026-09-26"
Источники ТТХ;АТ-Штабелер 1000 — positioning_accuracy_mm — Точность позиционирования, мм;12;мм;"organizer_catalog; https://github.com/meyuugao/LCT_Hakaton; 2026-09-26"
Источники ТТХ;АТ-Штабелер 1000 — lifecycle_years — Срок службы, лет;7;лет;"organizer_catalog; https://github.com/meyuugao/LCT_Hakaton; 2026-09-26"
Источники ТТХ;АТ-Штабелер 1000 — height_mm — Высота, мм;2400;мм;"organizer_catalog; https://github.com/meyuugao/LCT_Hakaton; 2026-09-26"
Источники ТТХ;АТ-Штабелер 1000 — autonomy_h — Автономность, ч;7;ч;"organizer_catalog; https://github.com/meyuugao/LCT_Hakaton; 2026-09-26"
Источники ТТХ;АТ-Штабелер 1000 — maintenance_cost — Стоимость обслуживания, руб./год;200000;руб./год;"organizer_catalog; https://github.com/meyuugao/LCT_Hakaton; 2026-09-26"
Источники ТТХ;АТ-Штабелер 1000 — source_date — Дата актуализации;2026-09-26;—;"organizer_catalog; https://github.com/meyuugao/LCT_Hakaton; 2026-09-26"
Ограничения;ограничение;Платформа не заменяет детальное проектирование и обследование объекта.;;"раздел 8 методики расчёта; каталог допущений (разделы 22–23)"
Ограничения;ограничение;Результат — предварительная оценка, требует верификации.;;"раздел 8 методики расчёта; каталог допущений (разделы 22–23)"
Ограничения;ограничение;Точность зависит от полноты входных данных.;;"раздел 8 методики расчёта; каталог допущений (разделы 22–23)"
Ограничения;ограничение;Расчёт не учитывает налоговые режимы, кроме НДС в ценах.;;"раздел 8 методики расчёта; каталог допущений (разделы 22–23)"
Ограничения;ограничение;Базовый сценарий учитывает только ФОТ целевых групп (отборщики и операторы погрузчиков) с начислениями — прочие текущие расходы базового контура не включены (каталог допущений, раздел 22).;;"раздел 8 методики расчёта; каталог допущений (разделы 22–23)"
Ограничения;ограничение;"Формулы расчёта — методика экономической модели, разделы 2.1–2.13; коэффициенты — каталог допущений (разделы 22–23).";;"раздел 8 методики расчёта; каталог допущений (разделы 22–23)"
Ограничения;ограничение;"Сценарий «Роботы как услуга»: CAPEX = 0 (RaaS без выкупа / пустой состав) — окупаемость не определена; сравнивайте по годовому эффекту и TCO.";;"раздел 8 методики расчёта; каталог допущений (разделы 22–23)"
